-- MySQL dump 10.13  Distrib 8.0.46, for Linux (x86_64)
--
-- Host: localhost    Database: assessment1
-- ------------------------------------------------------
-- Server version	8.0.46-0ubuntu0.22.04.2

/*!40101 SET @OLD_CHARACTER_SET_CLIENT=@@CHARACTER_SET_CLIENT */;
/*!40101 SET @OLD_CHARACTER_SET_RESULTS=@@CHARACTER_SET_RESULTS */;
/*!40101 SET @OLD_COLLATION_CONNECTION=@@COLLATION_CONNECTION */;
/*!50503 SET NAMES utf8mb4 */;
/*!40103 SET @OLD_TIME_ZONE=@@TIME_ZONE */;
/*!40103 SET TIME_ZONE='+00:00' */;
/*!40014 SET @OLD_UNIQUE_CHECKS=@@UNIQUE_CHECKS, UNIQUE_CHECKS=0 */;
/*!40014 SET @OLD_FOREIGN_KEY_CHECKS=@@FOREIGN_KEY_CHECKS, FOREIGN_KEY_CHECKS=0 */;
/*!40101 SET @OLD_SQL_MODE=@@SQL_MODE, SQL_MODE='NO_AUTO_VALUE_ON_ZERO' */;
/*!40111 SET @OLD_SQL_NOTES=@@SQL_NOTES, SQL_NOTES=0 */;

--
-- Table structure for table `Doctors`
--

DROP TABLE IF EXISTS `Doctors`;
/*!40101 SET @saved_cs_client     = @@character_set_client */;
/*!50503 SET character_set_client = utf8mb4 */;
CREATE TABLE `Doctors` (
  `person_id` int NOT NULL,
  `name` varchar(150) NOT NULL,
  `date_of_birth` date NOT NULL,
  `address` varchar(150) NOT NULL,
  `role` varchar(150) NOT NULL,
  `hospital_id` int NOT NULL,
  PRIMARY KEY (`person_id`),
  KEY `hospital_id` (`hospital_id`),
  CONSTRAINT `Doctors_ibfk_1` FOREIGN KEY (`hospital_id`) REFERENCES `Hospitals` (`hospital_id`)
) ENGINE=InnoDB DEFAULT CHARSET=utf8mb4 COLLATE=utf8mb4_0900_ai_ci;
/*!40101 SET character_set_client = @saved_cs_client */;

--
-- Dumping data for table `Doctors`
--

LOCK TABLES `Doctors` WRITE;
/*!40000 ALTER TABLE `Doctors` DISABLE KEYS */;
INSERT INTO `Doctors` VALUES (1,'Dr. Joshua Wright','1971-10-11','291 Davis Drives Lake Sueside, MI 33513','Doctor',22),(2,'Dr. Ashley Hooper','1991-12-19','34614 Trevino Camp Andrewside, VT 84933','Doctor',23),(3,'Dr. Michael Robinson','1968-09-24','12118 Fields Skyway Suite 213 West Carolynport, RI 59587','Doctor',2),(4,'Dr. Brittany Zuniga','1970-09-11','16577 Martinez Estate Jennifershire, IL 24006','Doctor',7),(5,'Dr. Lisa Gonzalez','1971-08-28','555 Torres Loop Reynoldsstad, SD 73282','Doctor',30),(6,'Dr. Sarah Wolf','1978-08-29','876 Roman Crossing Suite 290 East Connie, NH 60292','Doctor',6),(7,'Dr. Lisa Sheppard','1985-12-07','1188 Thomas Orchard Davisburgh, HI 53529','Doctor',25),(8,'Dr. Tanner Reynolds','1967-04-21','54768 Richard Forges Roachfurt, SD 28228','Doctor',1),(9,'Dr. Jerry Keller','1960-12-03','4616 Rachel Streets Angelahaven, ID 86133','Doctor',20),(10,'Dr. Scott Hopkins','1971-01-31','034 Jacob Cape Lake Coreyport, CT 03360','Doctor',21),(11,'Dr. Angela Key','1980-10-21','043 Robinson Underpass Marcusmouth, SD 90074','Doctor',19),(12,'Dr. Corey Garcia','1964-10-15','015 David Neck New Katieville, PA 22149','Doctor',19),(13,'Dr. Joseph Lee','1975-09-03','55687 Stefanie Inlet Jordanburgh, OR 64023','Doctor',31),(14,'Dr. Blake Johnson','1968-04-11','628 Matthew Fall Port Melissastad, MD 23280','Doctor',13),(15,'Dr. Michael Johnson','1984-04-09','USS Watson FPO AA 82825','Doctor',20),(16,'Dr. Tiffany Gomez','1985-12-01','2493 Melanie Squares Apt. 129 Masonfort, AR 28539','Doctor',18),(17,'Dr. Kimberly Wilson','1991-07-02','73292 Adrian Mall Kevinmouth, WI 67991','Doctor',26),(18,'Dr. Kathryn Ray','1960-12-30','568 Ricky Vista Apt. 449 Michaelville, NM 77958','Doctor',11),(19,'Dr. Taylor Sanchez','1969-02-16','94380 Richard Isle Apt. 359 Lake Brittanyland, IA 45857','Doctor',6),(20,'Dr. Noah Miller','1968-08-18','90569 Moore Expressway Apt. 529 South James, PA 55545','Doctor',3),(21,'Dr. Sandra Saunders','1982-02-10','899 Kathleen Plaza Jamesmouth, IL 71611','Doctor',2),(22,'Dr. Zachary Ellis','1981-02-24','999 Jill Pine Apt. 761 Janetside, MI 01766','Doctor',40),(23,'Dr. Barbara Valenzuela','1978-10-16','384 House Knolls Suite 376 Ronaldborough, TN 68475','Doctor',27),(24,'Dr. Carl Jones','1990-09-18','22790 Mendez Parks North Thomasville, CO 88707','Doctor',34),(25,'Dr. Kyle Peters','1963-08-01','72116 Campbell Creek North Jerry, MI 58092','Doctor',36),(26,'Dr. Cynthia Hanson','1984-10-13','88144 Burton Brooks Apt. 549 Christopherberg, ND 93870','Doctor',20),(27,'Dr. Mary Lopez','1983-03-21','77074 Mcconnell Flats Suite 646 East Guyburgh, VA 82300','Doctor',40),(28,'Dr. Jacqueline Fox','1968-09-10','335 Mary Lodge Jonesville, WA 75800','Doctor',6),(29,'Dr. Alvin Nelson','1966-11-02','96916 Steven Burg Apt. 596 Tiffanyshire, AR 79273','Doctor',1),(30,'Dr. Lindsay Hamilton','1976-08-26','265 Glen Rapid Lake Gordon, LA 49453','Doctor',26),(31,'Dr. Kimberly Weber','1990-04-01','394 Short Parks Suite 905 Lake Janebury, NH 02937','Doctor',2),(32,'Dr. Taylor Bishop','1969-04-17','9852 Kyle Camp Suite 299 Carolineport, OH 45618','Doctor',12),(33,'Dr. Mary Miller','1980-04-30','2261 Rodriguez Lock Apt. 630 Lake Amberchester, NM 35074','Doctor',5),(34,'Dr. Katherine Rojas','1994-01-11','53572 John Haven Richardsonville, OK 76709','Doctor',39),(35,'Dr. Jeff Turner','1985-11-06','USCGC Parker FPO AP 45087','Doctor',24),(36,'Dr. Jennifer Peterson DVM','1974-04-01','588 Rebecca Club Apt. 910 West Austin, NE 81657','Doctor',34),(37,'Dr. Brian Brown','1967-07-29','52948 Amy Cape Suite 146 Fergusontown, ID 01774','Doctor',38),(38,'Dr. Mark Martin','1968-11-24','29165 Nelson Turnpike West Christine, DE 83065','Doctor',21),(39,'Dr. Bradley Smith','1963-07-18','7910 Cook Freeway Apt. 722 Mayotown, PA 82015','Doctor',15),(40,'Dr. Corey Espinoza','1962-04-23','658 Danielle Square Alyssamouth, DC 87643','Doctor',24),(41,'Dr. Brooke Skinner','1968-08-25','5044 Williams Island Ashleyton, IN 53838','Doctor',33),(42,'Dr. Nathaniel Meyer','1978-01-20','852 Jeanette Overpass West Christinefurt, NY 34039','Doctor',40),(43,'Dr. Margaret Alexander','1970-12-10','USNS Campbell FPO AA 52174','Doctor',37),(44,'Dr. Sharon Cohen','1984-05-14','USCGC Rodriguez FPO AP 27853','Doctor',4),(45,'Dr. Calvin Howell','1983-01-27','USS Martin FPO AP 72819','Doctor',23),(46,'Dr. Victoria Collins','1983-10-25','735 Ethan Lodge Suite 240 Valdezborough, KY 30811','Doctor',26),(47,'Dr. Erica Holloway','1963-06-13','0132 James Keys Suite 932 North Adrianaton, UT 64490','Doctor',23),(48,'Dr. Keith Stewart','1989-10-22','USNS West FPO AE 02522','Doctor',35),(49,'Dr. Lauren Deleon','1960-03-07','324 Neal Wells Apt. 964 Wangside, IA 51484','Doctor',29),(50,'Dr. Dwayne Sosa','1959-08-08','9868 Michael Ranch Port Allison, WY 29936','Doctor',15),(51,'Dr. Jody Meadows','1986-05-20','653 Dennis Terrace Suite 801 New Nicholas, GA 53396','Doctor',16),(52,'Dr. James Yang','1974-08-31','2116 Ferguson Motorway Apt. 653 New Jamesberg, OH 18934','Doctor',29),(53,'Dr. Suzanne Hodges','1965-09-16','870 Kaitlin Flat North Stephen, CT 47834','Doctor',30),(54,'Dr. Kayla Aguilar','1989-10-30','510 Thompson Points Port Hannah, TX 50857','Doctor',25),(55,'Dr. John Simon','1969-02-11','066 Ibarra Freeway Crystalside, ID 72530','Doctor',4),(56,'Dr. Tonya Fletcher DDS','1982-05-31','001 Jamie Haven Apt. 830 Weberton, GA 88082','Doctor',3),(57,'Dr. Nicole Walsh','1977-08-10','8971 Brown Island Suite 066 Sotofurt, AZ 13503','Doctor',10),(58,'Dr. Maria Shah','1987-03-16','828 West Way Audreyshire, AL 00762','Doctor',13),(59,'Dr. Devin Cox','1971-01-28','509 Andrea Lights Apt. 811 Sotoborough, NJ 24799','Doctor',25),(60,'Dr. Lori Osborne','1991-03-14','PSC 0376, Box 2591 APO AP 15885','Doctor',27),(61,'Dr. Destiny Salinas','1964-03-22','74425 Julie Plaza Apt. 882 Port Aaronshire, MN 21576','Doctor',17),(62,'Dr. Richard Martin','1991-03-10','65275 Melton Road East Christian, MI 40647','Doctor',38),(63,'Dr. Jamie Brooks','1974-07-04','4832 Underwood Parkway Apt. 208 Dianamouth, VA 44119','Doctor',33),(64,'Dr. Dana Brown','1990-06-15','8810 Jones Unions Ericland, MT 26073','Doctor',28),(65,'Dr. Haley Long','1960-11-28','985 Perez Rapids Suite 695 Port Barbaramouth, WA 90043','Doctor',23),(66,'Dr. Jennifer Day','1972-11-26','USNV Hamilton FPO AP 31601','Doctor',13),(67,'Dr. Shirley Willis','1991-05-06','9882 Williams Forge South Roberto, RI 33587','Doctor',30),(68,'Dr. Hannah Sullivan','1990-06-26','6917 Weber Pike Apt. 349 Lake Colleenton, MD 94563','Doctor',5),(69,'Dr. Michael Horton','1962-10-22','263 Stephen Stravenue Suite 460 North Eric, NH 26218','Doctor',10),(70,'Dr. Cody Mason','1974-02-05','PSC 7491, Box 9858 APO AE 48980','Doctor',38),(71,'Dr. Kaitlyn Fowler','1969-01-02','743 Nash Knoll Port Daniel, MO 71334','Doctor',3),(72,'Dr. Kimberly Sims','1992-05-12','62631 Jones Forest North Mollyshire, DE 24897','Doctor',17),(73,'Dr. Regina Ryan','1978-02-21','918 Ray Knoll Barbaraville, CO 85908','Doctor',11),(74,'Dr. William Walter','1963-12-27','12637 Norris Mountain Apt. 038 Denisetown, TX 34198','Doctor',29),(75,'Dr. Jacob Hardy','1965-06-27','93931 Crystal Cliff Apt. 289 North Cherylstad, AK 07452','Doctor',34),(76,'Dr. Ashley Chen','1980-12-03','416 Scott Orchard Theodorehaven, AZ 82904','Doctor',29),(77,'Dr. Mackenzie Moore','1981-10-13','8207 Lori Plains Hansenland, OR 06898','Doctor',28),(78,'Dr. Amy Crawford','1968-11-27','3770 Joe Summit North Brianberg, OR 59267','Doctor',39),(79,'Dr. Ashley Woods','1984-09-12','702 Stacey Harbor New Anthonymouth, MD 89762','Doctor',18),(80,'Dr. Edward Harrington','1973-08-10','30102 Tammy Neck Apt. 708 Jenniferborough, KY 94249','Doctor',34),(81,'Dr. Melissa Moss','1968-10-14','411 Stephen Cape Apt. 768 Lake Richardmouth, LA 39603','Doctor',17),(82,'Dr. Jonathan Aguirre','1975-09-28','55852 Rebecca Place Apt. 469 Lorishire, OR 39345','Doctor',13),(83,'Dr. James Cross','1989-06-11','4576 Thompson Rest Apt. 617 West Lisa, IN 33033','Doctor',7),(84,'Dr. Shawn Baker','1990-12-17','1229 Jennifer Way Colemanborough, AZ 38949','Doctor',17),(85,'Dr. John Brown','1973-12-28','USNS Hamilton FPO AA 52099','Doctor',26),(86,'Dr. Alison Adams','1991-07-08','66687 Shannon Crescent Lake Abigailton, MN 14507','Doctor',34),(87,'Dr. Elizabeth Gonzalez','1962-07-18','33913 Brennan Loop Suite 685 Port Danielletown, CT 63129','Doctor',13),(88,'Dr. Carly Moyer','1975-05-06','3695 David Row Suite 891 New Valerieberg, DC 85401','Doctor',11),(89,'Dr. Kyle Mckenzie','1975-12-13','PSC 4067, Box 4168 APO AE 78620','Doctor',19),(90,'Dr. Brandon Brooks','1976-04-27','29343 Tate Passage West Brianchester, CT 51028','Doctor',29),(91,'Dr. Mark Craig','1968-09-22','623 Mitchell Harbors Apt. 053 Matthewsstad, OK 91551','Doctor',34),(92,'Dr. Robin Shaw','1992-04-25','6964 Reynolds Lakes Apt. 746 Lake Josephborough, IN 05933','Doctor',24),(93,'Dr. Rachel Clements','1994-02-12','4335 Anderson Vista East Eric, LA 73792','Doctor',37),(94,'Dr. Charles Young','1985-02-15','7918 Joel Motorway East Lisa, IL 40631','Doctor',31),(95,'Dr. Cindy Pugh','1989-08-23','9327 Jennifer Centers Suite 291 West Mary, GA 68377','Doctor',7),(96,'Dr. Shaun Morrison','1980-04-06','96138 Reid Lane Suite 380 South Kristyside, SD 49157','Doctor',23),(97,'Dr. Jordan Cruz','1981-01-30','456 Sullivan Spur Kennethville, TX 17742','Doctor',20),(98,'Dr. Christian Lewis','1967-02-17','164 Allen Station Apt. 389 Lake Jose, CO 24524','Doctor',1),(99,'Dr. Scott Reynolds','1969-08-21','70926 Elizabeth Loop West Amanda, TN 46308','Doctor',11),(100,'Dr. Randy Navarro','1969-04-03','08980 Doyle Falls Scottburgh, NJ 91258','Doctor',31);
/*!40000 ALTER TABLE `Doctors` ENABLE KEYS */;
UNLOCK TABLES;

--
-- Table structure for table `Hospitals`
--

DROP TABLE IF EXISTS `Hospitals`;
/*!40101 SET @saved_cs_client     = @@character_set_client */;
/*!50503 SET character_set_client = utf8mb4 */;
CREATE TABLE `Hospitals` (
  `hospital_id` int NOT NULL,
  `name` varchar(150) NOT NULL,
  `address` varchar(150) NOT NULL,
  `size` int NOT NULL,
  `type` varchar(150) NOT NULL,
  `accreditation_status` varchar(150) NOT NULL,
  PRIMARY KEY (`hospital_id`)
) ENGINE=InnoDB DEFAULT CHARSET=utf8mb4 COLLATE=utf8mb4_0900_ai_ci;
/*!40101 SET character_set_client = @saved_cs_client */;

--
-- Dumping data for table `Hospitals`
--

LOCK TABLES `Hospitals` WRITE;
/*!40000 ALTER TABLE `Hospitals` DISABLE KEYS */;
INSERT INTO `Hospitals` VALUES (1,'Acevedo-Lee Hospital','2696 Robinson Flat Lake Nicholas, ID 92919',169,'Community','Not Accredited'),(2,'Kramer LLC Hospital','86649 Michael Groves Jonesmouth, VA 80169',72,'Specialty','Accredited'),(3,'Le-Adkins Hospital','59769 Williams Meadows Apt. 326 South Lynnmouth, TX 78053',61,'Teaching','Accredited'),(4,'Warren-Vasquez Hospital','70076 Johnathan Station Suite 610 North Kathryn, RI 46802',169,'Community','Not Accredited'),(5,'Gonzalez PLC Hospital','2315 Mark Road Apt. 063 Debraview, MA 58537',187,'Research','Accredited'),(6,'Stewart Inc Hospital','73353 Michael Street Perezside, WI 28232',253,'General','Not Accredited'),(7,'Lewis-Stewart Hospital','PSC 4616, Box 9510 APO AE 00542',277,'Community','Accredited'),(8,'Simmons Inc Hospital','Unit 6671 Box 3994 DPO AE 67796',60,'General','Accredited'),(9,'Pope, Clark and Serrano Hospital','2297 Rodney Plains Lake Rickyview, KS 26881',326,'Research','Not Accredited'),(10,'Levy and Sons Hospital','1854 Mccullough Circle Suite 703 Lake Angelatown, UT 16146',323,'Community','Accredited'),(11,'Peters, Anderson and Baker Hospital','7391 Kristin Mountains Apt. 918 South Phillipbury, MO 02536',494,'Teaching','Not Accredited'),(12,'Anderson Inc Hospital','27254 Garcia Manor Riveraville, WY 42333',451,'Research','Accredited'),(13,'Elliott LLC Hospital','57108 Tran Valley Apt. 893 North Thomas, NE 36876',63,'General','Accredited'),(14,'Hughes Ltd Hospital','3885 Micheal Track Christopherberg, WA 75238',86,'Teaching','Not Accredited'),(15,'Howard-Cooper Hospital','704 Mcdaniel Port Apt. 368 Port Briannachester, AZ 29518',157,'Specialty','Not Accredited'),(16,'Lopez-Campbell Hospital','7158 Glover Villages Apt. 583 East Brooke, DC 83209',139,'Teaching','Accredited'),(17,'Sullivan, Hayes and Arellano Hospital','36505 Buck Creek Apt. 250 Lake Dawnport, MS 64342',451,'Research','Not Accredited'),(18,'Francis, Wood and Wilson Hospital','204 Brittany Plains New Jerrytown, NC 73238',457,'Teaching','Not Accredited'),(19,'Baker, Figueroa and Carlson Hospital','875 Penny Terrace Suite 010 Port Tricia, AL 35057',354,'Research','Accredited'),(20,'Garcia-Hunter Hospital','11032 Roger Square Suite 963 North Laura, WI 65476',52,'Specialty','Accredited'),(21,'Owens Ltd Hospital','4176 Travis Circles Victormouth, DE 39528',399,'General','Not Accredited'),(22,'Walker Inc Hospital','914 Thomas Fall West Peter, MI 47168',359,'General','Accredited'),(23,'Hatfield, Mccall and Carr Hospital','12750 Patterson Mountains Davidstad, DC 04882',119,'Teaching','Accredited'),(24,'King-Dillon Hospital','99321 Gary Valleys Suite 486 Nicholasview, MI 17441',334,'Community','Not Accredited'),(25,'Dominguez, Martin and Harris Hospital','622 Knapp Tunnel Apt. 286 South Paulberg, AZ 99109',232,'Teaching','Not Accredited'),(26,'Ingram Group Hospital','1699 Nancy Extension Watersbury, AR 96984',377,'Community','Accredited'),(27,'Krause, Gonzalez and Morgan Hospital','2703 Alvarado Bridge Brendahaven, NM 79989',112,'Teaching','Accredited'),(28,'Mitchell and Sons Hospital','USCGC Morgan FPO AA 91133',464,'Specialty','Not Accredited'),(29,'Williamson-Middleton Hospital','USNV Clark FPO AP 37452',97,'Specialty','Accredited'),(30,'Riley, Porter and Woods Hospital','109 Leon Pass Suite 772 Amyview, IN 95368',449,'Specialty','Not Accredited'),(31,'Walsh, Bailey and Robinson Hospital','2622 Reed Pines Apt. 584 East Maryberg, NM 20641',163,'Research','Accredited'),(32,'Munoz, Bass and Mann Hospital','2498 Daniel Drives Flynnville, TX 53678',394,'Teaching','Accredited'),(33,'Edwards-Roberson Hospital','57866 Michelle Lodge Suite 727 South Robinburgh, NH 17963',406,'Teaching','Not Accredited'),(34,'Miller and Sons Hospital','25085 Jason Ranch Suite 525 New Amandabury, NH 33782',256,'Research','Accredited'),(35,'Martinez Group Hospital','3546 Sierra Mews Apt. 087 North Sarah, DE 98610',180,'General','Accredited'),(36,'Parrish-Ramirez Hospital','408 Johnson Extensions New Lindsey, DC 89090',407,'Specialty','Accredited'),(37,'Bradshaw, Munoz and Lam Hospital','9051 Rodriguez Inlet Suite 509 East Markside, NE 83439',190,'General','Not Accredited'),(38,'Evans-Jordan Hospital','75830 Nichols Radial Suite 392 North Danielleburgh, MO 28500',295,'Specialty','Accredited'),(39,'Tucker-French Hospital','05382 Gillespie Mill Suite 745 West Patrick, MN 53544',289,'Research','Accredited'),(40,'Carpenter, Nichols and Lara Hospital','989 Bentley Wells North Debbie, TX 43548',284,'General','Not Accredited');
/*!40000 ALTER TABLE `Hospitals` ENABLE KEYS */;
UNLOCK TABLES;

--
-- Table structure for table `Patients`
--

DROP TABLE IF EXISTS `Patients`;
/*!40101 SET @saved_cs_client     = @@character_set_client */;
/*!50503 SET character_set_client = utf8mb4 */;
CREATE TABLE `Patients` (
  `person_id` int NOT NULL,
  `name` varchar(150) NOT NULL,
  `date_of_birth` date NOT NULL,
  `address` varchar(150) NOT NULL,
  `role` varchar(150) NOT NULL,
  `hospital_id` int NOT NULL,
  PRIMARY KEY (`person_id`),
  KEY `hospital_id` (`hospital_id`),
  CONSTRAINT `Patients_ibfk_1` FOREIGN KEY (`hospital_id`) REFERENCES `Hospitals` (`hospital_id`)
) ENGINE=InnoDB DEFAULT CHARSET=utf8mb4 COLLATE=utf8mb4_0900_ai_ci;
/*!40101 SET character_set_client = @saved_cs_client */;

--
-- Dumping data for table `Patients`
--

LOCK TABLES `Patients` WRITE;
/*!40000 ALTER TABLE `Patients` DISABLE KEYS */;
INSERT INTO `Patients` VALUES (103,'Debra Wise DDS','1960-07-14','74803 Paul Cape Suite 036 Brownshire, WA 51187','Patient',23),(104,'Yvonne Powers','1998-03-09','21790 Jennifer Crescent Brookebury, OR 75432','Patient',13),(105,'April Jones','1957-12-05','4838 Daniel Throughway East John, IN 22089','Patient',14),(107,'Brian Orr','1964-12-30','787 Laura Fork Apt. 733 Lake Timothychester, NE 20630','Patient',35),(114,'Blake Ferguson','2011-05-25','0766 Mcgee Underpass Underwoodton, AK 77601','Patient',34),(115,'Jonathan Garcia','1986-07-17','3585 Barbara Ramp Carpenterland, NJ 70810','Patient',26),(118,'Joe Frye','1996-02-14','48103 Emma Causeway Crystalton, KY 26850','Patient',19),(119,'Timothy Brady','2017-10-09','47897 Long Garden Melissatown, AL 31871','Patient',23),(121,'Derek Perry','2023-09-30','837 Murphy Center Suite 731 Robertstad, IA 90582','Patient',34),(126,'Angela Holder','1986-01-05','464 Jennifer Summit Suite 540 Pughburgh, GA 85509','Patient',39),(131,'Todd Gray','1942-09-27','667 Perez Knolls West Cynthiamouth, IN 81299','Patient',13),(134,'Shane Jensen','2004-03-24','631 Ann Spurs Suite 586 Juanfort, PA 48770','Patient',7),(137,'Brittany Lee','1976-10-27','03143 Orr Summit Apt. 188 Justinfurt, OR 38261','Patient',24),(138,'Erin Fox','2000-08-14','134 Brandy Lights Apt. 867 South Daniel, LA 58459','Patient',20),(140,'Daniel Livingston','1998-05-07','282 Dunn Squares Lake Richard, NY 85789','Patient',4),(145,'Vanessa Hernandez','1944-08-20','113 Amanda Oval New Eugene, AZ 50228','Patient',32),(147,'Lindsay Roman','1984-08-03','570 Donovan Gardens Apt. 585 Lake Jose, SD 35641','Patient',34),(150,'Alexander Coleman','1941-10-28','916 Gallegos Ranch Apt. 512 South Shirley, OK 69470','Patient',34),(151,'Michele Ross','1955-08-13','42840 Bowers Forges Suite 193 Timothystad, FL 53680','Patient',3),(157,'John Craig','1987-11-22','902 Cook Green South Stanleyburgh, AZ 25654','Patient',20),(159,'Dana Miranda','1979-05-12','1461 Moran Hill Apt. 223 South Latasha, MD 14312','Patient',12),(166,'Amy Henry','2018-07-15','1744 Doyle Run Suite 350 North Matthewchester, NY 58635','Patient',8),(167,'Evan Copeland','2017-10-29','7432 Walls Passage Apt. 209 North Omar, MS 72456','Patient',25),(171,'Lisa Castillo','1943-06-21','1970 Williams Parkway Phillipston, ME 45662','Patient',38),(176,'Matthew Smith','2002-01-11','9325 Smith Via Robertburgh, VT 04956','Patient',27),(186,'John Taylor','1969-05-18','3057 Perry Cove Suite 067 Joseborough, NE 55752','Patient',15),(189,'Joan Nash','1937-08-05','052 Carolyn Points Apt. 809 South Sharon, WI 17772','Patient',18),(190,'Patricia Meadows','1945-11-30','USNV White FPO AE 90794','Patient',31),(191,'Alexandra Fleming','2022-07-04','Unit 7840 Box 7808 DPO AE 04417','Patient',33),(197,'Carmen Suarez DVM','1968-12-18','5978 Jessica Orchard Suite 672 Port Emily, KY 44976','Patient',33),(202,'Nicole Key','2007-01-16','Unit 7002 Box 1956 DPO AA 78858','Patient',30),(203,'Sean Miller','1957-10-21','2156 Young Trafficway Apt. 980 Lake Caitlyn, TN 72263','Patient',1),(204,'Blake Gomez','2024-07-07','8400 Williamson Villages Suite 016 Smithbury, UT 12970','Patient',12),(205,'Nicholas Grant Jr.','1960-04-15','0621 Cohen Mount West Kennethtown, AZ 15427','Patient',38),(206,'Holly Garcia','1988-02-05','USS Rowe FPO AA 92823','Patient',36),(210,'Elijah Torres','1949-03-20','8739 Brown Tunnel Suite 705 West Laura, OK 83027','Patient',2),(213,'Dr. Susan Wheeler MD','1971-02-22','626 Carol Mall Suite 254 North Amy, NE 25982','Patient',6),(229,'Edward Wilson','1992-03-14','296 Porter Lodge Sethton, VA 50523','Patient',11),(243,'Chris Ortiz','2004-07-17','Unit 3117 Box 7163 DPO AE 01996','Patient',33),(247,'Heather Williams','1976-12-01','7964 Daniel Hill Jennifermouth, CO 80237','Patient',8),(249,'Jason Rose','1947-08-04','175 Taylor Spur Port Tanya, NH 32243','Patient',18),(254,'Sean Huang','2005-07-28','00128 Nicole Wells South Jamieton, ME 18926','Patient',36),(255,'Gregory Reynolds','1943-08-13','3247 Anderson Mount East Kim, KS 39323','Patient',36),(256,'Mrs. Judy Lane','2018-09-04','2516 Holloway Summit Apt. 498 South William, KS 87574','Patient',36),(259,'Sheila Yu DVM','1991-01-03','90505 Eric Courts Smithside, AL 71592','Patient',19),(260,'Dave Soto','1992-02-21','USCGC Ball FPO AA 55555','Patient',11),(261,'Cheryl Bell','1957-02-16','40379 Jacobs Isle West Matthew, ME 37645','Patient',1),(263,'Tammy Moore','2013-06-09','774 Stephens Causeway Apt. 865 West Jeffreyfort, ND 09915','Patient',22),(265,'Bryan Harris','1943-06-02','290 Mark Lock Michaelport, SD 79563','Patient',17),(267,'Ashley Howell','2001-04-09','346 Tony Road Lake Randallport, NJ 16864','Patient',6),(268,'James White','1977-08-20','7121 Moore Stravenue West Paulport, NE 45667','Patient',36),(270,'Sara Smith','2019-01-23','6068 Huffman Gateway Coryview, IN 08447','Patient',17),(276,'John Page','2025-02-13','1045 Alisha Track New Nicholas, OR 22414','Patient',22),(281,'Ashley Chan','1973-06-21','37098 Lauren Union Apt. 248 Duncanmouth, MI 96196','Patient',36),(282,'Paul Hanson','1980-04-21','USS Robinson FPO AP 24024','Patient',36),(286,'David Hodges','2000-10-01','36162 Diana Forges Garrettburgh, WI 13440','Patient',25),(287,'George Riddle','2013-03-30','3356 Jose Falls North Anthonyborough, SD 89797','Patient',32),(289,'Amber Reyes','2009-11-10','9926 Smith Dale West Sara, PA 82542','Patient',37),(291,'Kristi Johnson','1952-09-08','9721 White Pass Suite 941 South Christopher, SC 76199','Patient',4),(292,'Joseph Mathews','1947-06-25','504 Douglas Tunnel Suite 831 Leblanchaven, ME 23330','Patient',19),(296,'Roger Arroyo','1962-01-07','15009 Blake Pike Suite 096 West Deborahstad, SC 82928','Patient',2),(300,'Michael Powell','2006-09-17','5882 Green Prairie Apt. 147 North Jamestown, CA 98247','Patient',38),(301,'Michelle Stanton','1962-01-22','4265 Terry Lodge Suite 007 East Brianmouth, ME 97303','Patient',19),(302,'Jonathan Welch','1963-11-30','929 Shelia Land Apt. 724 Mullinston, IN 48685','Patient',29),(303,'Bryan Marks','1955-09-14','432 Kathleen Rapids East Seth, NC 09175','Patient',3),(304,'Sonia Schroeder','1990-02-04','1949 Dakota Meadow Suite 926 East Taylor, NE 94077','Patient',35),(306,'Andrea Carter','1966-12-09','10320 Gentry Islands Apt. 007 Huntfurt, AK 70321','Patient',15),(307,'Corey Smith','1981-08-01','62178 Christina Common Apt. 465 Russoside, NC 27190','Patient',38),(308,'Tami Fields','1994-11-12','3069 Ashley Path Suite 053 Wagnershire, TN 99588','Patient',21),(309,'Denise Carter','1953-10-22','USNS Bell FPO AA 55596','Patient',20),(312,'George Short','1982-12-14','0331 Reeves Glens Hardingport, SD 89361','Patient',35),(313,'Joseph Herrera','2017-06-13','6272 Larson Trafficway Adamsville, VT 69911','Patient',18),(314,'Steve Sanchez','1947-01-28','492 Dennis Gateway Lake David, KS 25833','Patient',22),(316,'Sandra Murray','1987-11-28','0862 Kennedy Common Apt. 422 East Jenniferland, FL 53381','Patient',24),(317,'Cristian Hall','1956-08-18','36568 Ryan Villages Port Jessicaville, LA 55018','Patient',27),(318,'Olivia Walker','1987-12-31','2339 Morris Green Lake Ryan, MD 26660','Patient',19),(319,'Kaitlyn Davis','1981-09-28','36618 Natalie Motorway Apt. 723 North Daniel, FL 54397','Patient',7),(324,'Nancy Miller','1938-09-02','54925 Abigail Neck West Brittany, PA 09751','Patient',8),(326,'Austin Thomas','2007-09-09','288 Clark Knoll East Jamesville, CA 22536','Patient',20),(327,'Tracy Jensen','1978-01-01','875 Schwartz Burgs Suite 261 East Shariville, WA 82976','Patient',5),(335,'Jesse Munoz','1983-02-19','732 Todd Skyway Lake Robert, WA 57149','Patient',3),(337,'Bridget Cook','1953-06-25','803 Ware Lodge Michelleland, WA 76543','Patient',18),(342,'Sandra Fuller','2008-01-23','70046 Alexander Branch Reyesmouth, OR 68918','Patient',32),(343,'Lisa Jordan','1968-11-15','2145 Barton Burg Suite 507 Richardchester, MT 97189','Patient',20),(344,'Mary Carter','2002-04-27','045 David Rest Apt. 635 East Richard, WI 68838','Patient',6),(349,'Kristina Parker','1961-06-08','887 Torres Ford Suite 580 Bennettmouth, AL 09734','Patient',28),(350,'Gary Harris','1968-10-10','974 Colleen Forks North Karen, MA 52265','Patient',33),(351,'Richard Lindsey','1935-01-13','8093 Sampson Streets Evanston, ID 36189','Patient',8),(353,'Virginia Anderson','1968-05-23','USCGC Jackson FPO AP 84830','Patient',23),(356,'Mr. Ian Thomas','1942-02-05','7881 Janet Crescent Lake Anthonystad, DC 53159','Patient',19),(364,'Catherine Garcia','1943-03-09','85156 Suzanne Ports Apt. 643 North Matthew, CT 55088','Patient',2),(365,'Regina Clark','1969-04-17','756 Eric Lane Apt. 863 Jonesville, CT 03674','Patient',38),(367,'Jason Miller','1970-04-28','378 Barbara Mountains West Terriport, OR 12446','Patient',39),(368,'Stephanie Ramirez','2022-11-25','044 Joseph Overpass Suite 875 Connerfort, NJ 79809','Patient',9),(369,'Elizabeth Sutton','1997-08-17','1947 Mitchell Underpass West Derrick, ID 45840','Patient',10),(370,'Michael Russo','2002-03-06','63052 Gonzalez Common Knightstad, WI 91821','Patient',27),(374,'Tiffany Sellers','2013-12-20','28150 Mark Tunnel Elizabethstad, ND 73792','Patient',13),(378,'Jermaine Johns','1957-07-24','27399 Timothy Hill East Rhondamouth, LA 88533','Patient',4),(379,'Heather Morris','2007-05-07','410 Nguyen Drive Lake Justinstad, OH 90189','Patient',13),(380,'Ann Thornton','2022-11-19','65747 Darrell Vista New Dale, UT 71087','Patient',13),(382,'Leslie Montgomery','2007-08-17','6583 Wilson Lodge Suite 471 East Christopherbury, MS 12846','Patient',36),(388,'Sonia Conley','2008-04-19','8304 Roberts Rest Apt. 095 Port Ashley, NC 34706','Patient',21),(390,'Rebecca Lewis','2005-10-12','79465 Raymond Extension Crystalfurt, ID 56054','Patient',27),(392,'Edward Murphy','1975-09-12','78298 Jenkins Viaduct Rhondaport, CT 39930','Patient',9),(393,'Andrew Sharp','1972-12-30','0277 Taylor Crossroad Frostmouth, DE 06178','Patient',34),(394,'Andre Barry','2001-04-14','965 Cross Knoll Sullivanton, MD 75507','Patient',38),(396,'Regina Patel','2024-04-11','010 Williams Dam North Carlahaven, AR 92490','Patient',34),(400,'Denise Phillips','1972-05-17','480 Ellis Throughway Port Bryanchester, VT 14236','Patient',6),(401,'Debra Lynn','1986-08-02','971 William Oval Apt. 882 Davidside, CT 49107','Patient',36),(402,'Julia Patel','1945-08-02','6315 Torres Mews Chadshire, NC 70460','Patient',20),(403,'Holly Baker','1937-09-21','84440 Holly Spring Apt. 633 New Johnmouth, SC 60928','Patient',17),(404,'Angela Perry','1955-08-26','322 Stacey Islands Apt. 088 Port Rachaelville, IL 64663','Patient',22),(406,'Timothy Miller','1948-12-16','923 Mark Greens Suite 800 Garnerbury, NV 67662','Patient',16),(408,'Vanessa Hurley','1957-12-27','Unit 9284 Box 8704 DPO AA 48675','Patient',29),(409,'Victoria Costa','1966-09-14','43941 Brittany Path North Sherry, IL 48576','Patient',17),(410,'Becky Becker','1987-03-14','9565 Johnson Terrace Suite 513 Valentineborough, MI 71560','Patient',32),(412,'Jessica Aguilar','1940-11-18','27223 Martin Expressway Pittsshire, WI 99683','Patient',10),(414,'Allison Cox','1981-02-07','USS Allen FPO AE 44112','Patient',22),(416,'Ruben Brooks','1996-06-04','5121 Christina Drives Suite 590 Jordanburgh, VA 25099','Patient',16),(418,'John Case','1998-12-06','829 William Dam Suite 104 Port Corey, IL 32489','Patient',19),(422,'Stephen Allen','2016-08-17','4359 Foster Ranch South David, SD 95143','Patient',7),(428,'Corey Tyler','1978-05-18','85872 Nicholas River Suite 067 New Dawn, DC 28692','Patient',38),(431,'Nicholas Hernandez','1980-08-26','USNS Randolph FPO AP 97946','Patient',4),(433,'Sheila Wilson','2019-03-26','54413 Steven Bridge North Erica, AZ 12651','Patient',28),(435,'Jacob Adams','1971-12-02','8796 Odonnell Estate Davismouth, ID 83485','Patient',19),(437,'Joy Young','1992-06-13','8876 Joshua Club Suite 639 Deantown, OR 59918','Patient',24),(442,'Mario Parker','1954-08-09','3593 Wright Villages Moorestad, MO 71619','Patient',34),(449,'Brandy Miller','1990-03-18','463 Amy Corner Lake Mary, MN 27559','Patient',21),(452,'Joshua Pollard','2018-12-28','8035 Johnson Viaduct Johnberg, OK 43673','Patient',5),(456,'Joshua Burton','1989-12-22','89090 Hogan Motorway Carriebury, AK 71098','Patient',1),(459,'Wayne Brewer','1951-05-10','61085 Joseph Skyway Suite 915 Johnberg, NJ 86663','Patient',35),(463,'Patricia Williams','1985-05-15','9171 Rodriguez Prairie North Holly, MI 80339','Patient',38),(465,'Amanda Barker','1937-02-06','702 Patricia Canyon Apt. 900 Rodriguezville, NV 86432','Patient',5),(466,'Stephanie Gutierrez','2021-07-11','67812 Monique Place West Matthewville, NH 49411','Patient',40),(468,'Jeffrey Singh','2013-03-05','33427 Davis Inlet Lake Jorge, MT 45595','Patient',22),(474,'Andrew Harris','2024-06-14','1757 Tara Meadow Apt. 512 Lake Justin, AL 48483','Patient',21),(477,'Cheryl Gray','1945-06-03','03065 Lucas Cove Suite 010 Whitestad, OH 53344','Patient',7),(478,'Jennifer Bryant','2002-02-22','74334 Moore Crescent Apt. 176 Richardhaven, VA 30773','Patient',35),(479,'Michelle Olson','1941-10-25','684 Day Stravenue Apt. 356 Port Christopher, AR 45161','Patient',27),(480,'Joseph Harris','2023-12-16','74147 Griffin Forest Apt. 455 New Gary, WA 85017','Patient',1),(482,'Matthew Ruiz','1973-06-04','839 Brianna Green Port Edward, OR 04817','Patient',13),(485,'Andrea James','1986-05-29','57391 Lucas Mews Suite 682 Nicholasmouth, CO 27793','Patient',16),(486,'Samantha Harper','1977-09-06','068 Keith Port Suite 127 Port Scottmouth, RI 20510','Patient',10),(489,'Holly Cole','2017-04-12','269 Rodriguez Walk Suite 774 West Rachelmouth, OH 10289','Patient',27),(492,'Stephanie Bishop','2002-03-18','6808 Ware Harbor Suite 789 Karenton, GA 63306','Patient',38),(493,'Katherine Dennis','1942-11-27','85388 Stephanie Plaza West Lauraview, PA 57502','Patient',36),(497,'David Perry','2017-07-31','62901 Medina Land Suite 780 Kingberg, WA 35432','Patient',13),(501,'Alexandria Kim','1980-04-07','9888 Bright Streets Apt. 880 Davidchester, CT 16927','Patient',10),(502,'Bethany Barker','1950-11-12','62759 Pamela Crossing Suite 605 Mooreton, NE 47876','Patient',27),(503,'Pamela Bullock','2012-01-03','9319 Smith Mill Suite 504 Monicaberg, CA 49121','Patient',19),(505,'Jack Duncan','1966-01-14','190 Johnny Mountains Watsonland, ND 84891','Patient',9),(506,'Carmen Douglas','1997-09-12','920 Alexandra Crest Suite 929 East Tina, AL 07312','Patient',14),(509,'Heather Callahan','1967-10-27','49769 Carroll Freeway Mckinneyburgh, ND 38184','Patient',12),(510,'Jacob Ingram','1942-02-10','68117 Hernandez Lakes Walshchester, LA 23942','Patient',17),(515,'Andrea Larson DVM','1968-01-13','USNS Simmons FPO AP 51644','Patient',25),(516,'Megan Lin','2006-10-02','493 Deanna Cliff Ashleyville, IL 04011','Patient',1),(519,'Dr. Sarah Carlson DVM','1985-02-26','622 William Haven Apt. 146 Williamville, CO 59204','Patient',1),(523,'Jennifer Clements','1997-03-27','3451 Dalton Roads Vazquezport, PA 03155','Patient',18),(524,'Wanda Jensen','1964-07-22','667 Sarah Harbors Apt. 385 North Christopherstad, CT 29729','Patient',21),(531,'Mr. James Phelps','2000-05-10','694 Mays Cliffs Apt. 642 Sheilamouth, OH 50340','Patient',5),(533,'Melinda Thomas','1987-07-19','148 Pratt Harbor Suite 132 Watkinsbury, UT 55355','Patient',17),(539,'Renee Allen','1936-04-26','198 Keller Inlet Williamsfurt, AR 45737','Patient',4),(540,'Joseph Dodson','1937-10-03','027 Tiffany Squares North Daisy, MA 06096','Patient',19),(543,'Christopher Zimmerman','1958-09-18','773 Garrison Isle Port Allisonside, NC 05032','Patient',11),(544,'Mark Stein','1943-04-25','31474 Dawson Rapid Suite 079 East Tony, MS 46254','Patient',11),(546,'Gabriela Sullivan','1942-02-09','USS Thompson FPO AA 74100','Patient',36),(547,'Brittany Baker','1986-09-07','801 Curtis Forge Apt. 534 West Christopher, DC 61732','Patient',26),(548,'Michael Kaiser','1960-01-11','61204 Cooper Mountain Hillstad, HI 86469','Patient',38),(551,'Ronald Ortiz','1999-08-08','89944 Martin Valley East Allison, TX 79014','Patient',20),(559,'Andrew Crawford','1983-10-25','415 Clark Trail Elizabethton, MN 02455','Patient',11),(562,'Michael Thompson','2000-06-01','6819 Jim Highway Johnsonfurt, CT 87206','Patient',37),(563,'Michael Young','1957-05-02','PSC 2086, Box 6397 APO AA 60576','Patient',2),(565,'Shelley Smith','1934-05-29','18558 Elizabeth Route South David, RI 03995','Patient',40),(567,'Walter Park','1944-04-27','74406 Knapp Roads Suite 952 Williamshaven, WA 07138','Patient',40),(569,'Dennis Bruce','1956-04-15','32139 Knight Island Suite 163 Kennedyshire, TN 18607','Patient',3),(572,'Erin Carroll','1971-06-27','80657 Bethany Burgs Apt. 533 Nicholasville, OR 12371','Patient',5),(574,'Joshua Peters','1960-01-08','7171 Jennifer Course Suite 626 Williamsview, NE 23872','Patient',26),(575,'Kristen Holt','2014-12-02','38141 Reynolds Freeway Port Andrefurt, WA 38839','Patient',9),(580,'Brittany Brown','1948-01-27','479 Rachel Alley Davisfort, VT 27386','Patient',36),(581,'Becky Taylor','1936-06-28','37389 Sheryl Stream Christineberg, AL 89272','Patient',28),(582,'Tabitha Hicks','1961-01-21','209 Fletcher Dale Suite 708 Burgessbury, NH 33975','Patient',18),(583,'Mary Stewart','2011-08-17','68791 Murray Ridge Suite 876 Christineville, NJ 03967','Patient',8),(585,'Adam Schmidt','2022-12-25','84560 Scott Wall Abigailburgh, ND 70510','Patient',32),(588,'Ralph Davidson','2003-07-25','26506 Jonathon Tunnel Ballmouth, NC 05536','Patient',3),(589,'Thomas Daugherty','1976-04-10','52200 Aaron Village Apt. 833 Melendezchester, LA 47090','Patient',39),(593,'Michele Vaughn','1960-09-11','983 Shannon Light Suite 147 Younghaven, FL 32092','Patient',15),(594,'Antonio Cook','2006-12-05','86877 Christine Path Maloneland, FL 76268','Patient',31),(597,'Eugene Parks','2018-10-17','527 Goodman Point Suite 231 Weaverchester, NE 07010','Patient',16),(599,'Mike Morgan','1941-12-15','3459 Atkinson Stream Laurenville, VA 94215','Patient',6),(600,'Nicholas Perkins','1984-02-05','4963 Horton Village Lisatown, CA 36037','Patient',33),(603,'Ashley Glenn','1989-10-27','9706 Castaneda Light Robinsonland, NJ 17975','Patient',15),(605,'Michael Thomas','1948-09-07','829 Jennifer Springs South Robertchester, ME 67077','Patient',24),(606,'Brittany Huff','1989-02-06','98620 Michael Mall Apt. 671 Aliciaville, NY 47082','Patient',20),(607,'Jason Landry','1985-05-15','554 Mosley Plaza Apt. 379 Gregoryhaven, IL 45697','Patient',17),(610,'Craig Kidd','1948-10-31','015 Powers Dale Suite 575 Port Michael, OH 01097','Patient',37),(611,'Catherine Hall','2003-03-01','075 Shelton Station Apt. 212 East Julia, NJ 63820','Patient',25),(612,'Amy Garcia','2018-12-21','076 Tucker Club Suite 367 North Vickie, NH 66288','Patient',17),(615,'Adam Johnson','2008-08-28','USCGC Valenzuela FPO AE 29568','Patient',9),(616,'Gwendolyn Hendrix','1951-03-18','057 Lynch Bridge Suite 881 North Melanie, VT 21009','Patient',21),(617,'Lisa Patterson','1970-03-18','95080 John Mills Suite 227 Campbellmouth, NH 99240','Patient',40),(618,'Stephen Lane','2018-12-21','97484 Torres Rue Johnsontown, NC 73548','Patient',5),(619,'Ashley Thomas','2005-10-10','2645 Timothy Lodge Suite 291 Thompsonhaven, NE 14360','Patient',31),(620,'Ricky Herrera','1980-09-18','8667 Susan Circles Suite 174 Ashleychester, WA 43647','Patient',32),(623,'Sheri Collins','1987-08-11','5724 Brenda Lane Jacktown, WI 39775','Patient',36),(631,'Kimberly Miller','2017-11-07','011 Perez Extensions Apt. 173 Courtneystad, NJ 81666','Patient',12),(639,'Tasha Norton','1942-04-11','358 Rogers Ridges Apt. 260 South Jasonshire, MO 43509','Patient',31),(641,'Steven Rodriguez','1957-07-22','4444 Lambert Fall Nathanchester, KY 88291','Patient',34),(644,'Michaela Ramsey','1951-11-17','384 John Station West Nicole, SD 69122','Patient',30),(645,'Gina Chen','1946-08-01','724 Candice Bridge Apt. 882 East Sylvia, AK 68292','Patient',17),(649,'Donna Gamble','1978-04-10','174 Ashley Ford Millershire, ND 85314','Patient',12),(650,'Craig Bennett','1946-07-25','286 Hanna Parks Suite 259 Lucasbury, OK 92307','Patient',19),(651,'Joseph Day','1978-01-15','782 David Views Apt. 031 East Rebeccamouth, PA 15324','Patient',16),(653,'Jason Mclaughlin','1999-05-04','7168 Peter Stravenue Apt. 954 East Derrick, DE 64547','Patient',37),(654,'Paula Coleman','1988-11-18','71015 Harris Ridges Suite 046 Larryhaven, MD 33980','Patient',15),(664,'Johnny Wood','1982-02-18','6622 Lucero Crossing Suite 885 Odomtown, LA 10090','Patient',34),(665,'Michael Marshall','1938-04-26','423 Collins Keys Apt. 878 Port Joy, LA 03781','Patient',31),(668,'James Gregory','2007-10-12','98551 Walker Square New Christon, NY 22456','Patient',13),(672,'Hector Nguyen','1969-09-04','34692 Turner Brooks Walkerchester, NC 86508','Patient',29),(679,'Becky Roberts','2015-08-22','7450 Williams Well Apt. 406 Trevorport, OH 41097','Patient',10),(681,'Karen Lee','1941-06-19','531 Smith Common Suite 936 Brianshire, NM 73429','Patient',30),(692,'David Collins','1971-04-22','PSC 2663, Box 8243 APO AP 55440','Patient',28),(693,'Matthew Martinez','1988-04-03','6898 Stevenson Mountains Port Joshuaton, ME 81180','Patient',7),(698,'Nicole Johnson','1986-08-30','17946 Sharon Walks Suite 958 Brownport, TX 35479','Patient',15),(700,'Neil Pinn','1993-07-29','the moon','Patient',22);
/*!40000 ALTER TABLE `Patients` ENABLE KEYS */;
UNLOCK TABLES;

--
-- Table structure for table `Prescriptions`
--

DROP TABLE IF EXISTS `Prescriptions`;
/*!40101 SET @saved_cs_client     = @@character_set_client */;
/*!50503 SET character_set_client = utf8mb4 */;
CREATE TABLE `Prescriptions` (
  `prescription_id` int NOT NULL,
  `patient_id` int NOT NULL,
  `doctor_id` int NOT NULL,
  `medication` varchar(150) NOT NULL,
  `prescription_date` date NOT NULL,
  PRIMARY KEY (`prescription_id`),
  KEY `patient_id` (`patient_id`),
  CONSTRAINT `Prescriptions_ibfk_1` FOREIGN KEY (`patient_id`) REFERENCES `Patients` (`person_id`)
) ENGINE=InnoDB DEFAULT CHARSET=utf8mb4 COLLATE=utf8mb4_0900_ai_ci;
/*!40101 SET character_set_client = @saved_cs_client */;

--
-- Dumping data for table `Prescriptions`
--

LOCK TABLES `Prescriptions` WRITE;
/*!40000 ALTER TABLE `Prescriptions` DISABLE KEYS */;
INSERT INTO `Prescriptions` VALUES (2,631,12,'Atorvastatin','2023-04-11'),(5,303,3,'Aspirin','2023-12-10'),(6,370,27,'Lisinopril','2024-01-09'),(12,611,25,'Atorvastatin','2023-11-01'),(17,505,9,'Metformin','2024-03-14'),(21,639,31,'Atorvastatin','2023-10-03'),(24,581,28,'Losartan','2023-10-05'),(25,313,18,'Amoxicillin','2024-04-25'),(28,189,18,'Omeprazole','2024-11-14'),(29,619,31,'Amoxicillin','2023-07-23'),(30,312,35,'Amoxicillin','2023-10-24'),(32,650,19,'Omeprazole','2025-03-07'),(33,289,37,'Metformin','2024-12-11'),(37,422,7,'Omeprazole','2024-09-28'),(39,254,36,'Amoxicillin','2024-11-14'),(42,449,21,'Omeprazole','2023-11-14'),(43,664,34,'Simvastatin','2023-12-17'),(46,503,19,'Lisinopril','2024-07-21'),(53,318,19,'Omeprazole','2024-05-13'),(54,449,21,'Aspirin','2023-03-23'),(56,115,26,'Omeprazole','2024-04-21'),(57,400,6,'Lisinopril','2023-11-28'),(60,610,37,'Paracetamol','2024-01-04'),(62,256,36,'Aspirin','2023-07-08'),(64,422,7,'Paracetamol','2023-04-10'),(75,151,3,'Amoxicillin','2024-04-25'),(76,344,6,'Ibuprofen','2024-01-31'),(77,567,40,'Amoxicillin','2024-05-22'),(79,126,39,'Metformin','2023-06-21'),(83,249,18,'Aspirin','2024-11-22'),(85,401,36,'Omeprazole','2024-04-25'),(93,267,6,'Atorvastatin','2024-04-25'),(96,402,20,'Metformin','2023-06-04'),(97,503,19,'Simvastatin','2024-04-26'),(99,379,13,'Ibuprofen','2024-11-06'),(101,672,29,'Metformin','2023-07-01'),(104,501,10,'Omeprazole','2023-04-12'),(105,589,39,'Aspirin','2023-09-11'),(106,422,7,'Atorvastatin','2024-01-28'),(111,159,12,'Losartan','2025-03-10'),(114,693,7,'Amoxicillin','2024-03-08'),(115,302,29,'Losartan','2025-03-02'),(121,137,24,'Metformin','2025-03-18'),(123,645,17,'Amoxicillin','2024-03-15'),(124,589,39,'Amoxicillin','2023-07-17'),(127,649,12,'Ibuprofen','2024-11-11'),(130,243,33,'Losartan','2025-01-09'),(134,267,6,'Paracetamol','2024-12-02'),(136,261,1,'Atorvastatin','2023-12-30'),(137,607,17,'Aspirin','2024-10-19'),(138,394,38,'Ibuprofen','2023-06-18'),(140,645,17,'Losartan','2024-11-20'),(142,562,37,'Aspirin','2025-02-22'),(148,540,19,'Losartan','2023-12-08'),(149,516,1,'Metformin','2023-05-17'),(151,664,34,'Ibuprofen','2024-09-20'),(152,147,34,'Losartan','2024-02-13'),(157,105,14,'Paracetamol','2023-03-24'),(158,324,8,'Metformin','2024-05-04'),(161,544,11,'Metformin','2025-03-20'),(168,414,22,'Paracetamol','2024-08-08'),(170,261,1,'Losartan','2023-07-05'),(174,653,37,'Aspirin','2023-11-19'),(175,379,13,'Simvastatin','2024-03-02'),(177,103,23,'Losartan','2025-03-20'),(178,540,19,'Aspirin','2023-05-03'),(179,575,9,'Omeprazole','2023-11-05'),(182,631,12,'Amoxicillin','2024-06-09'),(184,263,22,'Paracetamol','2024-12-01'),(185,501,10,'Metformin','2023-08-30'),(187,477,7,'Paracetamol','2023-05-06'),(188,486,10,'Paracetamol','2023-09-03'),(190,121,34,'Aspirin','2024-08-01'),(191,353,23,'Atorvastatin','2024-04-14'),(192,489,27,'Amoxicillin','2024-12-12'),(194,403,17,'Simvastatin','2023-08-09'),(196,574,26,'Ibuprofen','2024-04-19'),(202,229,11,'Atorvastatin','2023-08-31'),(203,509,12,'Ibuprofen','2023-10-14'),(204,137,24,'Metformin','2023-04-13'),(205,312,35,'Aspirin','2023-06-04'),(209,497,13,'Omeprazole','2024-06-03'),(210,606,20,'Simvastatin','2023-07-17'),(211,314,22,'Atorvastatin','2023-06-22'),(213,317,27,'Aspirin','2023-05-18'),(217,393,34,'Simvastatin','2024-02-02'),(219,412,10,'Omeprazole','2024-04-14'),(220,103,23,'Ibuprofen','2025-01-01'),(221,406,16,'Lisinopril','2024-01-20'),(223,379,13,'Metformin','2024-04-18'),(225,210,2,'Aspirin','2024-09-09'),(226,497,13,'Ibuprofen','2023-08-03'),(227,171,38,'Ibuprofen','2023-12-08'),(229,506,14,'Ibuprofen','2024-04-30'),(231,404,22,'Omeprazole','2024-08-22'),(234,479,27,'Losartan','2024-02-12'),(240,539,4,'Omeprazole','2023-11-03'),(241,589,39,'Amoxicillin','2024-06-10'),(242,370,27,'Amoxicillin','2024-07-04'),(248,107,35,'Paracetamol','2023-08-02'),(249,303,3,'Atorvastatin','2023-04-07'),(251,350,33,'Amoxicillin','2025-01-28'),(253,593,15,'Omeprazole','2024-09-24'),(256,356,19,'Ibuprofen','2024-12-03'),(257,249,18,'Lisinopril','2024-02-15'),(258,115,26,'Metformin','2023-10-10'),(261,289,37,'Metformin','2024-07-04'),(263,396,34,'Losartan','2023-12-11'),(265,140,4,'Atorvastatin','2023-08-04'),(266,319,7,'Amoxicillin','2023-12-23'),(268,547,26,'Losartan','2024-06-01'),(271,569,3,'Amoxicillin','2024-05-19'),(272,563,2,'Losartan','2024-06-24'),(273,204,12,'Paracetamol','2024-07-31'),(274,540,19,'Amoxicillin','2023-08-01'),(276,396,34,'Lisinopril','2023-08-16'),(278,480,1,'Losartan','2024-11-28'),(280,644,30,'Atorvastatin','2025-01-20'),(281,482,13,'Simvastatin','2023-08-04'),(282,312,35,'Aspirin','2023-05-22'),(284,519,1,'Simvastatin','2025-03-04'),(286,254,36,'Ibuprofen','2023-06-08'),(289,620,32,'Amoxicillin','2024-12-14'),(290,623,36,'Amoxicillin','2024-12-28'),(292,611,25,'Simvastatin','2024-05-23'),(293,406,16,'Losartan','2024-07-13'),(294,615,9,'Metformin','2023-10-24'),(296,114,34,'Amoxicillin','2024-10-27'),(306,176,27,'Metformin','2025-02-15'),(307,617,40,'Lisinopril','2023-09-12'),(318,356,19,'Losartan','2023-08-23'),(319,594,31,'Omeprazole','2024-07-06'),(320,303,3,'Simvastatin','2023-07-13'),(321,126,39,'Simvastatin','2025-02-08'),(322,115,26,'Lisinopril','2023-09-23'),(324,265,17,'Simvastatin','2023-12-25'),(325,370,27,'Metformin','2025-01-07'),(326,509,12,'Metformin','2023-05-25'),(327,204,12,'Aspirin','2023-09-27'),(330,449,21,'Ibuprofen','2023-07-03'),(331,270,17,'Omeprazole','2024-01-07'),(332,585,32,'Amoxicillin','2024-04-25'),(335,261,1,'Paracetamol','2024-02-04'),(336,327,5,'Paracetamol','2024-04-22'),(338,190,31,'Simvastatin','2023-04-14'),(341,137,24,'Paracetamol','2024-12-14'),(344,324,8,'Ibuprofen','2024-04-11'),(347,615,9,'Simvastatin','2024-12-01'),(351,150,34,'Paracetamol','2023-11-12'),(353,551,20,'Omeprazole','2023-10-29'),(357,159,12,'Ibuprofen','2023-06-19'),(358,465,5,'Metformin','2024-04-14'),(360,105,14,'Aspirin','2023-04-11'),(361,605,24,'Amoxicillin','2023-06-03'),(364,672,29,'Metformin','2023-07-26'),(365,559,11,'Amoxicillin','2023-07-05'),(366,344,6,'Lisinopril','2024-12-18'),(371,243,33,'Amoxicillin','2024-07-05'),(373,581,28,'Metformin','2023-10-13'),(376,267,6,'Simvastatin','2023-05-15'),(377,292,19,'Paracetamol','2024-10-13'),(379,401,36,'Amoxicillin','2023-10-12'),(380,583,8,'Atorvastatin','2023-05-25'),(384,356,19,'Ibuprofen','2023-08-25'),(386,403,17,'Aspirin','2024-03-06'),(389,631,12,'Lisinopril','2024-12-08'),(392,497,13,'Amoxicillin','2024-08-25'),(398,318,19,'Atorvastatin','2023-04-17'),(401,414,22,'Atorvastatin','2024-08-12'),(413,548,38,'Omeprazole','2023-03-21'),(414,431,4,'Simvastatin','2023-04-09'),(415,286,25,'Ibuprofen','2024-08-11'),(416,515,25,'Atorvastatin','2023-06-12'),(420,563,2,'Paracetamol','2024-09-04'),(421,468,22,'Omeprazole','2025-03-07'),(423,140,4,'Amoxicillin','2024-06-18'),(428,351,8,'Omeprazole','2023-05-31'),(430,651,16,'Paracetamol','2023-08-08'),(432,548,38,'Atorvastatin','2024-07-02'),(434,145,32,'Lisinopril','2023-11-21'),(436,416,16,'Amoxicillin','2023-07-29'),(438,620,32,'Aspirin','2025-01-05'),(439,150,34,'Losartan','2024-04-21'),(447,548,38,'Lisinopril','2024-12-24'),(448,145,32,'Ibuprofen','2025-02-07'),(459,610,37,'Ibuprofen','2023-10-17'),(462,543,11,'Simvastatin','2024-03-26'),(471,649,12,'Metformin','2023-04-10'),(472,312,35,'Ibuprofen','2023-04-08'),(480,268,36,'Simvastatin','2024-06-21'),(482,681,30,'Simvastatin','2023-04-19'),(483,582,18,'Aspirin','2025-03-03'),(486,319,7,'Atorvastatin','2024-12-21'),(489,318,19,'Omeprazole','2023-09-11'),(490,190,31,'Paracetamol','2024-01-30'),(491,203,1,'Atorvastatin','2023-06-01'),(496,412,10,'Metformin','2024-08-19'),(498,308,21,'Atorvastatin','2025-02-25'),(500,615,9,'Amoxicillin','2023-09-17');
/*!40000 ALTER TABLE `Prescriptions` ENABLE KEYS */;
UNLOCK TABLES;
/*!40103 SET TIME_ZONE=@OLD_TIME_ZONE */;

/*!40101 SET SQL_MODE=@OLD_SQL_MODE */;
/*!40014 SET FOREIGN_KEY_CHECKS=@OLD_FOREIGN_KEY_CHECKS */;
/*!40014 SET UNIQUE_CHECKS=@OLD_UNIQUE_CHECKS */;
/*!40101 SET CHARACTER_SET_CLIENT=@OLD_CHARACTER_SET_CLIENT */;
/*!40101 SET CHARACTER_SET_RESULTS=@OLD_CHARACTER_SET_RESULTS */;
/*!40101 SET COLLATION_CONNECTION=@OLD_COLLATION_CONNECTION */;
/*!40111 SET SQL_NOTES=@OLD_SQL_NOTES */;

-- Dump completed on 2026-06-17 18:34:54
